Date;Freddie Mac 10;Fannie Mae 10;Fannie Mae 30;Freddie Mac 30;Freddie Mac 5;Fannie Mae 5;Freddie Mac 3;Fannie Mae 3
30.12.2011;166;188;319;321;109;113;60;60
29.12.2011;169;191;320;321;114;118;65;66
28.12.2011;173;194;321;322;118;121;68;68
27.12.2011;181;202;334;336;124;127;72;73
23.12.2011;181;202;335;337;124;127;72;73
22.12.2011;177;197;329;331;119;122;69;69
21.12.2011;176;203;330;332;119;123;68;68
20.12.2011;175;197;323;326;120;123;68;69
19.12.2011;167;191;311;312;116;119;66;67
16.12.2011;169;193;318;319;114;118;66;65
15.12.2011;175;196;323;324;118;123;69;67
14.12.2011;175;197;322;323;119;124;68;66
13.12.2011;176;196;329;330;116;122;64;62
12.12.2011;180;201;336;338;118;124;65;64
09.12.2011;184;202;340;342;119;125;65;63
08.12.2011;177;196;330;330;116;122;63;61
07.12.2011;180;198;333;334;118;125;64;62
06.12.2011;186;202;338;339;122;129;69;67
05.12.2011;185;201;332;334;123;130;69;67
02.12.2011;184;205;333;335;125;131;70;67
01.12.2011;190;208;341;342;130;137;72;69
30.11.2011;188;205;335;336;128;134;71;68
29.11.2011;183;201;326;327;128;134;74;73
28.11.2011;181;201;323;325;128;132;76;74
25.11.2011;183;201;322;324;131;135;79;77
23.11.2011;175;199;313;314;127;130;78;76
22.11.2011;180;200;320;323;129;133;76;74
21.11.2011;183;202;325;327;130;133;78;77
18.11.2011;185;205;328;331;131;135;79;77
17.11.2011;180;201;328;330;126;131;80;77
16.11.2011;182;204;334;336;127;131;72;74
15.11.2011;186;208;338;341;128;132;71;73
14.11.2011;183;205;336;339;125;130;69;71
10.11.2011;183;204;342;345;122;126;65;67
09.11.2011;182;199;333;335;119;123;62;64
08.11.2011;188;205;342;345;120;125;64;66
07.11.2011;182;200;335;337;116;121;63;64
04.11.2011;184;202;339;341;117;122;63;65
03.11.2011;188;204;340;342;119;124;65;66
02.11.2011;184;200;333;335;118;123;63;65
01.11.2011;183;198;328;330;120;123;64;65
31.10.2011;193;207;344;346;125;130;65;66
28.10.2011;208;223;363;366;138;142;73;74
27.10.2011;219;231;374;376;146;150;77;78
26.10.2011;205;218;353;355;140;144;73;75
25.10.2011;197;211;344;346;132;137;68;69
24.10.2011;207;220;358;360;140;145;73;74
21.10.2011;205;220;357;359;139;145;72;75
20.10.2011;204;218;352;355;138;143;72;75
19.10.2011;201;217;350;352;136;139;72;75
18.10.2011;202;217;349;351;138;140;73;76
17.10.2011;202;218;343;346;139;141;75;77
14.10.2011;209;222;353;355;142;144;78;80
13.10.2011;204;217;346;348;140;142;78;80
12.10.2011;208;222;349;352;145;146;81;83
11.10.2011;208;218;342;345;142;144;83;85
07.10.2011;203;213;333;337;138;140;79;82
06.10.2011;193;205;328;331;131;133;75;75
05.10.2011;189;201;320;324;128;130;73;72
04.10.2011;180;193;311;313;124;126;71;69
03.10.2011;181;192;309;311;119;121;68;66
30.09.2011;187;200;320;322;126;128;68;65
29.09.2011;191;207;330;333;125;129;68;66
28.09.2011;196;210;335;339;130;132;67;65
27.09.2011;195;208;332;337;129;132;68;66
26.09.2011;188;202;324;328;126;128;63;63
23.09.2011;184;197;315;319;122;125;61;61
22.09.2011;170;185;301;304;111;113;58;58
21.09.2011;179;195;315;319;116;119;56;56
20.09.2011;183;198;331;334;114;118;51;51
19.09.2011;187;201;332;336;115;118;51;51
16.09.2011;193;210;343;347;122;124;54;54
15.09.2011;194;208;343;347;122;124;54;54
14.09.2011;191;206;340;344;119;121;55;55
13.09.2011;187;203;339;343;117;120;56;56
12.09.2011;182;199;332;335;115;118;56;57
09.09.2011;179;197;333;337;110;113;53;53
08.09.2011;185;202;338;342;113;116;53;53
07.09.2011;191;207;342;347;119;121;55;55
06.09.2011;184;203;333;337;116;119;55;55
02.09.2011;185;208;340;343;115;118;54;54
01.09.2011;193;217;358;361;118;121;51;51
31.08.2011;201;223;367;369;124;126;53;53
30.08.2011;197;220;362;366;123;125;53;53
29.08.2011;205;227;372;376;127;130;55;55
26.08.2011;197;220;363;367;123;126;53;54
25.08.2011;203;228;369;373;127;130;59;59
24.08.2011;209;232;373;376;137;140;63;63
23.08.2011;199;224;355;359;128;132;61;61
22.08.2011;193;218;350;354;126;130;60;60
19.08.2011;189;217;346;350;122;126;56;56
18.08.2011;188;217;351;355;122;108;54;55
17.08.2011;192;222;363;366;123;109;52;53
16.08.2011;197;226;372;375;126;112;52;53
15.08.2011;202;230;381;384;129;115;54;54
12.08.2011;199;225;378;382;126;112;51;51
11.08.2011;208;233;393;396;131;117;52;53
10.08.2011;200;223;365;368;122;108;48;48
09.08.2011;206;223;371;375;126;112;56;56
08.08.2011;229;247;384;387;150;135;73;73
05.08.2011;240;258;396;400;159;144;74;74
04.08.2011;224;247;383;386;146;130;68;68
03.08.2011;238;260;401;404;157;141;74;74
02.08.2011;240;260;404;407;157;140;75;75
01.08.2011;249;269;419;423;165;149;79;79
29.07.2011;254;273;426;429;168;152;81;81
28.07.2011;270;292;440;443;185;169;93;94
27.07.2011;274;297;444;447;193;177;98;98
26.07.2011;270;293;442;445;190;172;94;94
25.07.2011;269;294;443;445;190;172;94;94
22.07.2011;266;290;437;441;187;170;90;90
21.07.2011;271;294;443;445;192;174;93;94
20.07.2011;266;291;438;441;186;169;90;90
19.07.2011;262;288;433;436;183;167;91;91
18.07.2011;263;288;442;445;184;166;62;91
15.07.2011;264;287;439;442;183;166;80;90
14.07.2011;268;290;438;441;186;169;85;93
13.07.2011;262;286;431;433;180;164;81;89
12.07.2011;264;287;434;436;184;168;85;94
11.07.2011;266;288;435;437;149;168;86;94
08.07.2011;273;295;442;444;177;173;90;98
07.07.2011;288;308;452;453;195;188;102;111
06.07.2011;283;301;450;452;186;180;94;103
05.07.2011;288;304;454;455;190;184;96;77
01.07.2011;295;309;455;457;198;192;104;109
30.06.2011;290;306;452;454;194;188;100;103
29.06.2011;284;307;453;455;189;184;98;102
28.06.2011;275;301;447;449;187;182;95;99
27.06.2011;265;293;442;444;174;168;87;91
24.06.2011;260;286;432;435;169;163;81;85
23.06.2011;266;292;433;435;176;170;85;89
22.06.2011;273;299;438;440;184;178;90;94
21.06.2011;271;297;437;438;184;178;92;95
20.06.2011;270;296;435;436;182;176;91;94
17.06.2011;268;293;435;436;179;173;91;94
16.06.2011;268;293;432;434;178;172;91;95
15.06.2011;271;296;434;436;178;173;87;91
14.06.2011;282;306;444;446;191;184;95;99
13.06.2011;271;296;433;435;180;175;89;93
10.06.2011;269;294;431;432;179;173;88;91
09.06.2011;272;296;435;436;181;175;91;93
08.06.2011;268;293;434;435;174;169;87;91
07.06.2011;273;297;440;442;181;176;96;100
06.06.2011;272;298;438;440;182;177;96;100
03.06.2011;272;295;435;437;182;177;98;101
02.06.2011;277;300;437;440;187;182;100;105
01.06.2011;270;293;428;430;182;176;96;81
31.05.2011;279;301;434;437;190;184;102;86
27.05.2011;281;303;436;438;191;187;103;87
26.05.2011;279;305;435;437;193;187;104;88
25.05.2011;286;311;439;441;205;199;110;95
24.05.2011;288;310;437;440;205;200;111;96
23.05.2011;289;312;438;440;205;200;111;96
20.05.2011;290;313;440;442;205;200;112;96
19.05.2011;292;314;441;443;207;202;113;98
18.05.2011;294;315;439;441;208;203;117;101
17.05.2011;288;309;433;435;201;196;111;96
16.05.2011;291;313;439;441;205;201;93;98
13.05.2011;295;317;443;445;208;203;102;101
12.05.2011;297;321;449;451;211;207;104;104
11.05.2011;297;317;443;446;209;204;101;101
10.05.2011;301;320;446;448;212;207;111;111
09.05.2011;294;314;441;444;205;201;103;103
06.05.2011;297;316;439;442;208;204;105;104
05.05.2011;296;315;436;439;208;204;106;106
04.05.2011;304;321;444;446;215;211;109;109
03.05.2011;306;324;446;448;217;212;110;110
02.05.2011;308;327;448;450;216;212;110;110
29.04.2011;310;327;450;452;216;212;110;110
28.04.2011;315;334;453;455;221;217;112;113
27.04.2011;320;341;456;459;232;227;119;119
26.04.2011;317;334;450;452;231;226;118;118
25.04.2011;320;337;457;458;235;230;121;121
21.04.2011;324;340;457;459;239;235;125;125
20.04.2011;326;341;457;460;241;235;125;125
19.04.2011;320;338;453;455;234;229;121;121
18.04.2011;320;338;455;457;233;228;122;122
15.04.2011;323;340;457;459;238;233;128;128
14.04.2011;331;347;463;465;246;242;134;133
13.04.2011;328;344;465;467;242;237;132;132
12.04.2011;331;349;468;470;246;241;139;139
11.04.2011;339;355;473;476;255;250;145;146
08.04.2011;340;356;473;475;231;250;144;144
07.04.2011;339;354;473;475;223;248;141;141
06.04.2011;338;353;468;470;225;251;146;146
05.04.2011;333;348;462;463;222;248;144;144
04.04.2011;328;342;460;461;214;240;136;136
01.04.2011;331;343;458;460;217;243;141;141
31.03.2011;333;346;461;463;218;243;139;139
30.03.2011;332;349;463;465;215;241;139;139
29.03.2011;336;352;464;466;222;248;142;142
28.03.2011;333;349;462;463;220;247;139;140
25.03.2011;331;348;462;462;218;244;136;136
24.03.2011;327;344;458;459;212;238;130;129
23.03.2011;322;340;455;456;207;233;127;127
22.03.2011;321;338;455;456;207;233;128;128
21.03.2011;320;338;456;457;205;231;125;125
18.03.2011;312;331;454;454;196;222;118;118
17.03.2011;308;329;453;454;192;217;115;115
16.03.2011;305;326;449;450;189;214;111;111
15.03.2011;318;336;459;461;203;228;121;121
14.03.2011;318;339;464;465;203;227;120;120
11.03.2011;324;343;466;468;208;234;124;125
10.03.2011;321;340;466;467;207;232;125;125
09.03.2011;333;351;473;474;218;243;132;133
08.03.2011;341;359;479;481;225;250;145;145
07.03.2011;337;354;476;476;222;247;140;141
04.03.2011;337;352;475;475;220;245;138;138
03.03.2011;347;360;479;479;234;238;150;150
02.03.2011;333;349;469;469;220;225;136;137
01.03.2011;323;345;463;463;215;221;134;134
28.02.2011;331;346;464;465;217;223;137;137
25.02.2011;331;346;465;467;219;225;141;141
24.02.2011;336;352;469;470;222;229;144;144
23.02.2011;340;356;474;474;228;234;145;145
22.02.2011;335;353;474;475;222;228;141;141
18.02.2011;348;365;485;486;234;240;150;151
17.02.2011;347;364;480;480;234;240;151;151
16.02.2011;353;369;482;483;242;249;158;158
15.02.2011;352;368;481;482;240;246;156;156
14.02.2011;352;368;483;483;241;247;158;159
11.02.2011;354;370;487;487;242;249;158;158
10.02.2011;362;376;494;493;247;253;159;159
09.02.2011;358;373;490;491;240;247;153;153
08.02.2011;366;383;494;494;246;253;165;165
07.02.2011;362;378;490;491;238;246;155;155
04.02.2011;362;380;492;495;237;245;153;153
03.02.2011;352;370;486;487;229;237;148;148
02.02.2011;344;363;483;484;222;229;141;141
01.02.2011;339;358;481;481;213;221;104;133
31.01.2011;331;350;477;477;205;213;113;125
28.01.2011;326;344;472;472;202;209;111;123
27.01.2011;333;353;477;480;208;215;114;126
26.01.2011;337;356;480;482;217;223;118;129
25.01.2011;327;346;469;471;210;217;113;124
24.01.2011;336;355;476;478;218;224;119;131
21.01.2011;336;355;478;480;219;226;119;130
20.01.2011;339;357;481;482;220;226;121;132
19.01.2011;327;347;473;475;208;214;111;122
18.01.2011;329;349;478;479;210;215;113;123
14.01.2011;326;345;474;476;208;214;113;123
13.01.2011;326;343;471;474;205;210;112;122
12.01.2011;333;349;474;477;211;216;115;125
11.01.2011;330;347;470;474;211;217;121;131
10.01.2011;326;343;469;472;206;211;118;128
07.01.2011;329;344;471;474;209;214;120;114
06.01.2011;340;354;477;480;221;227;130;124
05.01.2011;346;360;480;482;225;230;134;128
04.01.2011;329;344;467;470;210;215;120;114
03.01.2011;329;343;463;466;211;216;119;114
31.12.2010;325;338;458;461;212;217;118;113
30.12.2010;333;350;467;470;218;223;123;118
29.12.2010;332;350;464;467;215;220;121;116
28.12.2010;347;366;477;479;234;239;133;128
27.12.2010;333;351;466;469;225;229;127;122
23.12.2010;339;356;471;473;226;230;126;121
22.12.2010;333;351;468;471;218;223;122;115
21.12.2010;331;351;467;470;215;220;119;114
20.12.2010;333;352;467;470;216;221;118;113
17.12.2010;332;351;465;468;215;220;118;112
16.12.2010;347;366;482;485;226;231;125;120
15.12.2010;355;373;485;487;232;237;129;122
14.12.2010;350;368;478;481;227;232;125;120
13.12.2010;330;348;462;465;211;215;117;112
10.12.2010;334;351;469;470;217;223;122;116
09.12.2010;322;340;464;465;205;209;114;109
08.12.2010;325;342;467;470;203;206;113;109
07.12.2010;316;333;462;463;193;196;107;102
06.12.2010;293;312;444;445;170;173;93;89
03.12.2010;299;319;448;450;179;182;99;95
02.12.2010;300;318;441;443;183;187;106;101
01.12.2010;295;314;437;439;179;183;105;100
30.11.2010;280;299;424;427;164;168;94;89
29.11.2010;282;301;428;430;167;171;98;91
26.11.2010;286;304;432;435;170;175;99;91
24.11.2010;290;311;439;442;172;176;101;93
23.11.2010;274;295;427;430;158;161;88;80
22.11.2010;276;298;429;432;162;165;91;84
19.11.2010;286;306;435;438;173;177;99;91
18.11.2010;284;306;437;441;169;173;97;89
17.11.2010;281;304;436;439;166;170;96;87
16.11.2010;275;300;430;433;165;168;97;88
15.11.2010;279;305;441;443;165;168;96;89
12.11.2010;263;290;428;431;151;154;89;82
10.11.2010;250;278;427;430;138;142;78;70
09.11.2010;261;284;429;431;141;145;80;72
08.11.2010;248;271;416;418;128;131;74;68
05.11.2010;246;269;417;418;125;129;66;61
04.11.2010;242;263;410;412;119;124;60;55
03.11.2010;259;279;419;420;128;133;65;60
02.11.2010;258;274;406;406;133;138;68;62
01.11.2010;259;276;411;412;134;139;67;61
29.10.2010;257;274;408;409;134;140;64;63
28.10.2010;263;283;414;415;141;147;68;68
27.10.2010;269;287;415;416;155;160;76;76
26.10.2010;262;280;409;410;148;153;71;71
25.10.2010;256;274;402;403;142;147;68;69
22.10.2010;256;274;405;406;139;144;68;68
21.10.2010;254;272;406;407;137;141;65;65
20.10.2010;248;266;400;401;132;136;66;65
18.10.2010;255;269;405;406;138;142;69;69
15.10.2010;263;277;411;412;143;148;73;73
14.10.2010;257;272;405;406;142;146;75;75
13.10.2010;250;266;397;398;136;140;71;71
12.10.2010;249;265;394;396;138;142;77;77
08.10.2010;246;262;389;390;135;139;72;72
07.10.2010;247;264;388;388;140;144;72;73
06.10.2010;249;264;386;386;144;148;77;79
05.10.2010;260;275;394;395;152;155;82;83
04.10.2010;261;275;392;393;153;157;83;85
01.10.2010;266;279;392;393;156;160;84;86
30.09.2010;262;277;389;390;155;159;84;86
29.09.2010;259;277;389;390;155;159;86;87
28.09.2010;254;273;387;387;154;125;82;85
27.09.2010;261;280;390;390;161;156;86;88
24.09.2010;269;289;399;399;167;163;89;91
23.09.2010;262;281;393;393;164;160;87;89
22.09.2010;262;282;393;393;162;159;89;91
21.09.2010;267;287;400;399;163;160;89;91
20.09.2010;279;298;408;407;172;169;95;96
17.09.2010;282;302;411;410;176;172;96;97
16.09.2010;284;302;413;414;177;174;98;99
15.09.2010;281;298;408;408;175;171;98;99
14.09.2010;274;291;400;400;171;166;97;98
13.09.2010;280;298;404;404;179;175;102;103
10.09.2010;287;304;410;410;170;183;108;109
09.09.2010;284;300;407;407;166;180;106;108
08.09.2010;274;289;395;395;155;170;99;102
07.09.2010;268;284;390;390;148;164;100;101
03.09.2010;280;297;402;402;157;172;104;106
02.09.2010;273;289;396;396;153;168;100;102
01.09.2010;268;284;390;391;151;166;99;101
31.08.2010;259;274;380;380;143;158;94;98
30.08.2010;265;280;389;389;148;163;96;101
27.08.2010;278;293;398;398;158;174;104;109
26.08.2010;262;279;381;382;146;162;97;103
25.08.2010;267;285;389;389;154;170;99;104
24.08.2010;263;280;387;387;149;165;94;99
23.08.2010;268;285;393;394;153;169;95;99
20.08.2010;269;286;395;395;156;173;98;83
19.08.2010;264;282;393;393;150;166;93;79
18.08.2010;269;287;399;399;154;170;95;81
17.08.2010;268;286;403;403;151;168;95;81
16.08.2010;260;280;398;398;146;163;93;80
13.08.2010;272;289;413;412;153;171;98;85
12.08.2010;277;294;420;420;153;172;100;86
11.08.2010;275;291;419;418;148;168;97;82
10.08.2010;281;297;425;425;149;169;101;86
09.08.2010;289;304;426;426;157;177;104;90
06.08.2010;289;304;426;427;154;174;101;85
05.08.2010;297;310;432;432;159;178;100;88
04.08.2010;301;315;433;433;164;183;104;93
03.08.2010;298;311;431;431;157;175;98;86
02.08.2010;304;317;434;434;166;183;103;90
30.07.2010;300;313;426;426;162;178;102;88
29.07.2010;309;324;436;436;171;187;110;95
28.07.2010;310;324;436;436;180;197;113;98
27.07.2010;316;329;438;438;188;204;120;106
26.07.2010;313;326;436;435;184;201;117;102
23.07.2010;314;326;435;435;184;201;115;100
22.07.2010;308;321;431;431;178;195;112;97
21.07.2010;302;315;426;426;174;191;110;95
20.07.2010;311;324;437;437;178;196;112;97
19.07.2010;312;325;439;438;180;200;113;99
16.07.2010;310;323;435;435;178;198;113;99
15.07.2010;315;328;439;439;184;205;116;103
14.07.2010;323;335;446;446;191;212;120;108
13.07.2010;331;344;454;453;199;220;128;114
12.07.2010;325;338;450;449;194;216;128;114
09.07.2010;324;337;448;447;193;214;125;110
08.07.2010;321;334;444;443;188;209;116;108
07.07.2010;318;330;441;440;187;209;116;108
06.07.2010;314;326;434;433;185;207;115;106
02.07.2010;319;331;439;438;193;214;119;110
01.07.2010;316;327;433;432;192;213;115;107
30.06.2010;317;328;435;435;191;212;114;105
29.06.2010;318;329;440;439;191;211;114;105
28.06.2010;326;336;446;445;195;215;116;108
25.06.2010;333;344;453;452;204;224;123;113
24.06.2010;336;348;455;454;207;227;127;117
23.06.2010;332;345;450;448;209;229;127;118
22.06.2010;337;349;455;453;214;233;129;122
21.06.2010;343;356;461;459;220;238;135;129
18.06.2010;341;354;459;459;221;238;135;130
17.06.2010;339;352;458;457;219;236;136;129
16.06.2010;345;358;463;462;225;241;141;134
15.06.2010;353;364;468;468;230;246;148;140
14.06.2010;349;360;466;466;227;244;145;138
11.06.2010;346;357;462;462;225;214;145;137
10.06.2010;354;365;472;472;233;222;149;142
09.06.2010;343;353;460;459;221;210;143;136
08.06.2010;342;353;458;458;221;211;151;143
07.06.2010;342;353;461;460;219;208;148;139
04.06.2010;345;354;460;459;222;210;148;139
03.06.2010;362;371;475;474;238;227;160;152
02.06.2010;359;369;471;470;236;224;159;151
01.06.2010;355;364;466;465;231;220;155;148
28.05.2010;356;366;468;467;232;219;155;147
27.05.2010;360;372;470;469;239;227;163;156
26.05.2010;348;360;457;456;231;219;157;151
25.05.2010;346;358;452;451;227;215;152;145
24.05.2010;350;364;457;456;228;216;150;143
21.05.2010;347;360;450;449;224;213;146;138
20.05.2010;352;365;456;454;226;214;140;139
19.05.2010;362;375;464;463;234;222;146;143
18.05.2010;364;378;465;464;233;221;141;140
17.05.2010;371;385;474;473;241;230;147;144
14.05.2010;370;384;472;470;238;227;146;143
13.05.2010;380;393;485;485;247;236;152;150
12.05.2010;382;394;486;485;249;239;155;153
11.05.2010;384;398;482;481;249;237;158;157
10.05.2010;386;398;481;480;250;239;159;159
07.05.2010;373;388;470;468;241;230;156;155
06.05.2010;371;385;461;458;236;226;152;150
05.05.2010;383;398;476;476;251;240;165;163
04.05.2010;388;402;480;478;259;247;171;169
03.05.2010;395;410;488;488;264;253;176;174
30.04.2010;392;406;489;488;260;249;171;168
29.04.2010;398;415;494;494;264;253;176;173
28.04.2010;403;419;498;498;273;261;182;179
27.04.2010;395;411;493;492;266;254;176;172
26.04.2010;405;421;503;502;278;265;185;183
23.04.2010;406;421;502;502;278;265;186;182
22.04.2010;403;418;502;500;276;263;182;179
21.04.2010;398;413;497;496;270;257;178;175
20.04.2010;402;417;502;501;273;260;179;176
19.04.2010;403;417;505;505;271;258;176;172
16.04.2010;397;413;501;500;265;252;172;169
15.04.2010;404;420;505;505;272;259;178;174
14.04.2010;406;421;505;505;277;263;182;178
13.04.2010;403;418;501;501;274;261;183;178
12.04.2010;406;421;503;503;275;263;182;179
09.04.2010;411;425;509;508;282;269;186;182
08.04.2010;411;425;510;509;279;267;186;181
07.04.2010;409;423;510;509;279;267;184;180
06.04.2010;420;434;520;520;289;277;197;193
05.04.2010;426;438;522;522;295;284;201;197
01.04.2010;414;425;511;510;280;269;187;183
31.03.2010;408;421;509;508;275;264;184;181
30.03.2010;411;422;512;510;278;267;186;183
29.03.2010;408;420;510;510;276;265;184;181
26.03.2010;405;418;509;508;274;264;183;180
25.03.2010;411;426;511;510;282;272;189;186
24.03.2010;404;419;506;506;284;274;187;184
23.03.2010;391;407;496;495;267;258;176;174
22.03.2010;391;405;493;493;269;258;178;174
19.03.2010;393;407;495;494;274;263;180;175
18.03.2010;390;405;495;494;269;258;176;171
17.03.2010;386;401;491;491;262;252;171;167
16.03.2010;389;403;495;495;262;252;173;169
15.03.2010;391;406;499;498;266;256;175;171
12.03.2010;390;406;497;497;266;256;166;173
11.03.2010;393;408;502;501;268;258;166;174
10.03.2010;394;409;505;505;266;255;162;170
09.03.2010;393;409;505;505;263;252;164;172
08.03.2010;395;409;505;504;266;254;165;173
05.03.2010;390;405;501;499;264;253;164;172
04.03.2010;381;396;490;490;257;245;160;156
03.03.2010;383;398;493;492;256;244;156;150
02.03.2010;381;396;492;491;255;243;154;147
01.03.2010;380;395;491;490;255;243;155;147
26.02.2010;379;395;489;489;255;244;156;148
25.02.2010;382;400;492;491;258;247;157;150
24.02.2010;387;404;496;495;268;256;162;154
23.02.2010;386;403;497;497;266;253;161;154
22.02.2010;400;414;508;507;276;262;168;161
19.02.2010;399;414;505;506;277;263;171;164
18.02.2010;401;414;509;509;275;260;168;161
17.02.2010;397;410;505;505;271;258;163;157
16.02.2010;390;404;498;497;264;251;158;152
12.02.2010;393;407;502;502;268;254;160;155
11.02.2010;398;412;506;505;272;259;166;160
10.02.2010;398;412;502;502;273;260;168;162
09.02.2010;394;407;495;495;266;252;166;160
08.02.2010;390;403;489;489;261;249;160;154
05.02.2010;386;400;489;489;259;246;158;152
04.02.2010;390;401;491;491;263;250;164;157
03.02.2010;400;412;500;501;272;260;173;167
02.02.2010;394;406;494;493;270;257;171;164
01.02.2010;395;406;495;494;271;258;172;165
29.01.2010;387;399;489;488;266;252;168;161
28.01.2010;392;406;494;494;271;259;174;167
27.01.2010;391;404;493;493;275;265;176;169
26.01.2010;389;403;495;494;269;258;170;162
25.01.2010;388;402;492;492;269;258;168;161
22.01.2010;385;399;488;488;268;257;168;161
21.01.2010;383;396;487;486;268;257;169;162
20.01.2010;389;403;490;489;277;266;176;168
19.01.2010;392;407;495;494;279;269;177;169
15.01.2010;387;403;492;491;275;265;139;166
14.01.2010;393;409;498;496;281;272;143;170
13.01.2010;395;411;505;503;285;275;148;176
12.01.2010;388;404;495;494;279;269;149;177
11.01.2010;399;415;506;505;286;277;153;180
08.01.2010;398;413;503;502;285;276;154;181
07.01.2010;401;415;503;502;263;282;162;189
06.01.2010;400;414;504;503;262;277;160;186
05.01.2010;394;409;496;495;259;273;157;183
04.01.2010;402;417;502;501;267;282;167;193
31.12.2009;401;415;500;500;272;285;171;197
30.12.2009;396;414;499;499;264;277;166;193
29.12.2009;399;416;502;501;268;281;165;192
28.12.2009;403;423;509;508;269;283;165;192
24.12.2009;403;422;511;510;265;278;159;185
23.12.2009;397;416;504;503;259;272;154;180
22.12.2009;397;415;503;501;257;271;151;177
21.12.2009;389;409;499;498;250;263;145;171
18.12.2009;375;395;489;488;238;252;137;162
17.12.2009;371;390;485;484;232;247;131;156
16.12.2009;382;402;495;493;243;258;140;165
15.12.2009;383;402;495;493;244;257;143;168
14.12.2009;378;397;491;490;238;250;139;164
11.12.2009;375;396;491;491;232;245;133;158
10.12.2009;369;391;495;494;225;237;129;153
09.12.2009;369;388;488;487;224;235;126;150
08.12.2009;367;384;488;486;222;234;130;154
07.12.2009;372;388;489;487;229;241;134;158
04.12.2009;378;392;489;488;234;246;142;165
03.12.2009;369;382;481;481;224;234;131;154
02.12.2009;363;375;474;473;220;230;127;130
01.12.2009;359;372;474;473;214;224;120;124
30.11.2009;354;365;468;467;212;222;118;122
27.11.2009;354;367;469;468;216;225;122;127
25.11.2009;360;375;471;470;222;233;129;133
24.11.2009;366;379;473;472;231;242;127;132
23.11.2009;372;384;477;477;236;248;135;139
20.11.2009;370;382;478;478;238;250;132;136
19.11.2009;370;381;476;476;236;248;133;137
18.11.2009;371;382;476;475;239;251;135;140
17.11.2009;368;379;473;473;238;250;138;145
16.11.2009;368;380;472;472;238;250;139;145
13.11.2009;377;388;482;482;248;260;146;152
12.11.2009;379;340;487;486;247;259;147;152
10.11.2009;383;345;489;488;251;262;150;156
09.11.2009;386;348;487;487;252;264;158;164
06.11.2009;390;351;490;489;252;264;159;164
05.11.2009;396;357;490;490;257;269;163;169
04.11.2009;396;358;490;490;259;273;164;170
03.11.2009;386;350;481;481;255;267;162;167
02.11.2009;380;345;473;472;249;264;157;161
30.10.2009;375;341;468;468;251;261;155;159
29.10.2009;386;354;480;479;264;274;163;167
28.10.2009;375;345;469;468;256;264;157;161
27.10.2009;381;352;472;471;259;272;161;163
26.10.2009;391;363;479;479;272;277;172;176
23.10.2009;383;356;472;473;263;270;166;171
22.10.2009;377;349;467;467;257;264;159;163
21.10.2009;376;347;466;466;256;262;159;164
20.10.2009;370;340;460;461;249;253;150;157
19.10.2009;377;347;466;466;256;260;156;162
16.10.2009;380;348;469;469;257;261;155;162
15.10.2009;386;354;476;476;261;265;155;164
14.10.2009;383;349;473;474;258;262;152;162
13.10.2009;372;339;461;462;249;254;148;156
09.10.2009;380;348;467;467;259;261;155;168
08.10.2009;369;335;454;455;245;249;145;159
07.10.2009;364;330;444;445;241;246;141;157
06.10.2009;370;336;451;452;250;255;156;166
05.10.2009;367;333;445;446;247;252;150;161
02.10.2009;367;333;445;446;248;253;151;162
01.10.2009;363;332;441;441;245;251;149;159
30.09.2009;371;342;446;447;255;261;158;168
29.09.2009;373;345;446;445;261;268;164;173
28.09.2009;373;346;446;447;260;266;162;171
25.09.2009;375;348;452;453;264;268;164;172
24.09.2009;380;352;458;458;264;268;161;168
23.09.2009;386;359;463;464;268;275;166;172
22.09.2009;389;363;463;463;273;280;172;178
21.09.2009;392;366;467;466;274;282;171;179
18.09.2009;391;365;468;468;275;284;174;179
17.09.2009;384;358;463;463;267;275;167;174
16.09.2009;391;365;470;470;273;280;171;178
15.09.2009;390;364;471;471;268;275;167;173
14.09.2009;385;360;466;467;264;270;166;172
11.09.2009;377;352;465;465;255;261;161;173
10.09.2009;380;355;465;465;253;260;162;173
09.09.2009;394;368;481;480;267;273;168;179
08.09.2009;396;369;480;480;269;275;174;180
04.09.2009;394;369;477;477;269;275;172;178
03.09.2009;382;355;464;464;261;267;166;173
02.09.2009;377;351;458;457;258;263;165;170
01.09.2009;382;356;467;466;264;268;172;177
31.08.2009;386;359;466;466;270;274;175;180
28.08.2009;392;368;470;470;281;282;181;187
27.08.2009;393;370;472;472;286;287;186;191
26.08.2009;392;369;470;470;285;290;185;191
25.08.2009;393;371;473;472;289;294;183;190
24.08.2009;396;372;478;478;291;296;184;191
21.08.2009;404;375;487;486;300;305;193;199
20.08.2009;391;364;475;474;286;291;182;189
19.08.2009;397;367;480;479;288;293;185;191
18.08.2009;398;369;486;484;291;297;187;194
17.08.2009;390;363;480;478;285;289;182;189
14.08.2009;394;365;485;484;289;292;187;199
13.08.2009;396;367;485;484;292;282;191;204
12.08.2009;408;379;491;490;307;296;203;216
11.08.2009;407;379;481;480;305;294;209;215
10.08.2009;413;385;488;487;308;298;210;216
07.08.2009;421;395;497;496;318;307;218;211
06.08.2009;411;383;491;490;305;294;208;199
05.08.2009;414;386;495;494;304;293;208;201
04.08.2009;402;376;484;483;297;286;202;195
03.08.2009;397;373;481;479;293;283;194;188
31.07.2009;383;358;469;469;282;268;183;176
30.07.2009;400;376;485;484;296;280;195;189
29.07.2009;403;379;492;490;298;287;194;188
28.07.2009;409;381;500;499;296;286;192;185
27.07.2009;412;384;508;506;297;287;191;183
24.07.2009;410;381;502;500;293;283;189;181
23.07.2009;412;383;504;502;295;284;191;184
22.07.2009;397;368;493;491;277;267;179;173
21.07.2009;386;358;485;483;269;259;176;172
20.07.2009;399;371;495;493;283;276;183;179
17.07.2009;406;378;501;501;292;285;188;183
16.07.2009;398;371;497;495;285;279;183;177
15.07.2009;404;378;505;503;295;289;191;184
14.07.2009;394;364;495;494;281;274;148;172
13.07.2009;380;351;481;478;270;264;141;162
10.07.2009;375;345;477;475;265;259;155;166
09.07.2009;386;359;488;486;274;270;157;174
08.07.2009;374;346;473;471;264;260;154;171
07.07.2009;388;360;487;485;276;271;171;180
06.07.2009;393;365;491;489;279;274;166;176
02.07.2009;390;364;488;485;281;276;170;180
01.07.2009;395;371;490;487;288;283;175;185
30.06.2009;393;367;487;485;290;286;179;189
29.06.2009;396;371;488;486;290;286;178;190
26.06.2009;397;372;488;486;313;287;180;192
25.06.2009;400;375;491;489;315;290;183;194
24.06.2009;421;398;507;504;316;314;201;215
23.06.2009;418;391;499;497;317;315;198;212
22.06.2009;422;394;507;505;319;313;197;209
19.06.2009;430;404;515;513;321;324;203;217
18.06.2009;436;410;521;520;325;327;208;220
17.06.2009;413;386;506;505;303;306;189;201
16.06.2009;411;386;503;500;303;305;190;202
15.06.2009;420;396;517;514;305;306;190;203
12.06.2009;426;401;522;518;311;312;196;216
11.06.2009;434;408;526;523;319;319;203;223
10.06.2009;447;423;535;533;327;329;205;226
09.06.2009;435;414;523;520;320;321;207;220
08.06.2009;442;426;526;524;333;334;216;228
05.06.2009;431;416;522;519;318;319;202;214
04.06.2009;420;398;516;514;290;291;169;182
03.06.2009;402;382;502;501;277;278;163;177
02.06.2009;416;395;510;507;291;292;168;184
01.06.2009;428;406;518;515;297;299;175;188
29.05.2009;400;379;494;492;276;276;163;174
28.05.2009;421;402;515;513;291;289;177;188
27.05.2009;429;409;522;519;287;288;179;188
26.05.2009;406;387;505;503;275;276;178;186
22.05.2009;402;382;496;495;268;269;173;169
21.05.2009;389;370;487;486;261;262;168;166
20.05.2009;372;354;469;469;251;251;165;162
19.05.2009;378;360;476;474;259;259;169;168
18.05.2009;375;357;473;470;260;260;172;169
15.05.2009;368;352;464;463;255;255;169;166
14.05.2009;365;348;461;460;253;246;170;167
13.05.2009;363;347;462;461;251;244;169;166
12.05.2009;369;351;471;469;254;248;173;170
11.05.2009;370;352;472;471;256;250;176;174
08.05.2009;379;360;479;481;262;257;184;188
07.05.2009;375;355;475;474;258;253;182;188
06.05.2009;369;354;463;463;250;244;178;181
05.05.2009;372;358;464;463;252;245;186;183
04.05.2009;375;360;467;466;253;246;181;179
01.05.2009;378;363;471;470;253;242;179;176
30.04.2009;378;364;469;468;256;245;179;176
29.04.2009;378;363;469;469;262;255;183;182
28.04.2009;368;354;464;464;256;251;180;179
27.04.2009;357;342;450;450;244;240;167;166
24.04.2009;367;353;457;456;243;251;174;173
23.04.2009;360;346;449;450;239;247;171;170
22.04.2009;362;350;451;451;243;252;180;177
21.04.2009;360;347;446;447;243;252;181;181
20.04.2009;360;347;441;442;239;249;178;177
17.04.2009;367;354;453;453;247;256;186;187
16.04.2009;357;344;445;446;235;244;182;179
15.04.2009;360;346;443;443;227;237;179;176
14.04.2009;357;344;441;441;229;238;179;175
13.04.2009;364;352;445;446;237;245;183;180
09.04.2009;372;362;453;454;247;255;191;193
08.04.2009;361;351;444;442;239;247;195;190
07.04.2009;370;362;449;448;243;251;195;190
06.04.2009;375;364;449;448;251;260;199;194
03.04.2009;374;362;446;444;250;258;188;195
02.04.2009;363;351;436;435;244;252;178;188
01.04.2009;357;344;431;428;241;249;172;184
31.03.2009;361;349;436;431;244;252;171;184
30.03.2009;363;351;439;433;247;256;173;190
27.03.2009;364;363;445;438;258;263;178;195
26.03.2009;362;360;448;440;258;263;180;196
25.03.2009;363;363;453;446;261;269;184;201
24.03.2009;347;347;438;431;248;258;174;190
23.03.2009;347;347;445;439;247;257;172;190
20.03.2009;349;346;441;434;247;257;171;190
19.03.2009;339;339;436;425;240;251;170;189
18.03.2009;329;331;435;428;233;245;167;187
17.03.2009;387;384;467;457;284;295;205;227
16.03.2009;376;375;455;445;273;285;197;220
13.03.2009;364;367;441;433;266;265;191;216
12.03.2009;361;362;434;427;270;272;194;219
11.03.2009;364;365;437;430;272;275;196;221
10.03.2009;370;370;441;433;271;278;200;222
09.03.2009;361;360;432;424;262;270;197;219
06.03.2009;357;357;429;421;255;263;193;215
05.03.2009;354;354;428;421;253;261;189;212
04.03.2009;371;371;445;436;267;274;198;219
03.03.2009;362;364;443;435;258;265;188;210
02.03.2009;358;357;438;430;255;264;183;203
27.02.2009;364;364;442;432;269;274;192;209
26.02.2009;357;358;438;429;277;280;202;217
25.02.2009;355;357;432;425;280;286;206;220
24.02.2009;340;343;423;412;260;268;193;208
23.02.2009;338;339;428;420;255;261;193;210
20.02.2009;339;341;432;425;252;259;195;211
19.02.2009;346;347;444;437;260;266;204;220
18.02.2009;337;340;433;424;253;259;203;166
17.02.2009;333;335;428;418;243;248;194;158
13.02.2009;357;360;449;438;264;257;205;171
12.02.2009;344;346;425;417;249;242;198;164
11.02.2009;349;352;428;420;253;246;204;170
10.02.2009;363;366;438;428;259;251;203;168
09.02.2009;371;376;447;437;265;260;216;175
06.02.2009;376;381;450;442;265;259;212;173
05.02.2009;376;379;451;439;267;262;215;175
04.02.2009;380;385;457;445;270;265;219;177
03.02.2009;376;380;457;445;268;265;216;174
02.02.2009;362;367;439;430;255;252;206;167
30.01.2009;373;377;451;442;267;265;211;168
29.01.2009;371;376;448;441;265;259;210;168
28.01.2009;356;360;433;427;246;241;196;152
27.01.2009;344;348;416;408;239;232;196;154
26.01.2009;348;351;425;417;242;237;194;154
23.01.2009;343;348;419;416;240;236;189;153
22.01.2009;346;353;416;407;242;238;189;153
21.01.2009;345;349;413;403;249;244;195;158
20.01.2009;326;330;394;383;234;227;187;149
16.01.2009;325;329;387;379;235;227;190;154
15.01.2009;311;315;383;375;228;220;171;153
14.01.2009;307;312;381;374;219;214;168;150
13.01.2009;310;312;388;383;223;215;168;144
12.01.2009;306;312;387;380;218;211;164;142
09.01.2009;317;320;391;384;229;222;171;148
08.01.2009;323;326;394;387;240;237;175;156
07.01.2009;330;334;398;388;246;244;181;158
06.01.2009;332;335;401;395;252;250;177;158
05.01.2009;332;333;398;393;247;251;171;154
02.01.2009;326;328;379;372;248;251;172;158
31.12.2008;302;304;365;357;230;233;155;142
30.12.2008;289;291;353;346;222;225;150;138
29.12.2008;290;292;358;351;220;221;152;137
26.12.2008;291;295;358;351;229;233;167;150
24.12.2008;297;299;358;353;231;235;171;155
23.12.2008;295;295;358;351;226;227;171;159
22.12.2008;289;291;350;343;222;225;173;157
19.12.2008;291;294;345;340;220;222;165;149
18.12.2008;280;282;338;333;213;215;162;146
17.12.2008;284;288;348;340;218;222;176;157
16.12.2008;296;300;364;355;209;229;171;156
15.12.2008;321;327;385;377;244;248;201;183
12.12.2008;322;330;392;385;240;235;207;188
11.12.2008;326;331;388;381;244;239;218;197
10.12.2008;339;343;393;385;258;253;233;209
09.12.2008;352;356;397;389;263;263;237;214
08.12.2008;368;372;412;409;283;281;253;239
05.12.2008;360;362;413;406;271;268;249;239
04.12.2008;346;348;404;397;254;252;231;224
03.12.2008;347;350;413;407;256;249;236;228
02.12.2008;341;343;411;405;251;245;232;249
01.12.2008;359;358;431;426;265;259;250;266
28.11.2008;401;410;463;461;299;295;264;253
26.11.2008;406;418;475;470;307;303;276;272
25.11.2008;420;430;484;480;310;307;285;279
24.11.2008;482;493;532;527;365;360;320;319
21.11.2008;472;481;527;520;346;343;301;300
20.11.2008;475;485;532;527;353;353;294;297
19.11.2008;499;508;560;558;367;361;302;300
18.11.2008;502;510;569;564;368;365;293;293
17.11.2008;507;513;563;567;364;361;297;293
14.11.2008;511;521;560;560;362;357;283;289
13.11.2008;515;524;566;563;369;360;276;282
12.11.2008;494;501;541;540;356;347;265;254
10.11.2008;491;499;536;540;366;361;327;329
07.11.2008;492;497;540;543;372;369;319;314
06.11.2008;483;491;536;536;366;359;314;309
05.11.2008;479;486;526;524;371;363;316;313
04.11.2008;489;495;536;531;382;377;313;314
03.11.2008;511;517;556;552;408;403;337;336
31.10.2008;512;521;560;552;421;417;361;358
30.10.2008;518;528;555;554;429;424;367;365
29.10.2008;510;518;548;542;421;417;362;354
28.10.2008;517;525;551;547;431;427;369;370
27.10.2008;502;512;538;528;424;419;368;371
24.10.2008;486;491;521;516;408;404;363;361
23.10.2008;458;464;493;491;386;382;352;347
22.10.2008;455;459;500;501;379;375;353;355
21.10.2008;469;473;511;506;388;382;375;380
20.10.2008;500;501;517;517;419;413;397;397
17.10.2008;498;496;522;518;417;409;382;380
16.10.2008;498;497;511;507;415;411;383;384
15.10.2008;513;515;514;511;426;421;384;383
14.10.2008;509;514;510;507;427;421;385;389
10.10.2008;479;479;489;487;383;379;350;353
09.10.2008;476;476;487;483;387;383;347;355
08.10.2008;460;460;480;478;369;367;334;341
07.10.2008;441;439;475;470;344;343;311;315
06.10.2008;438;436;468;466;343;342;314;315
03.10.2008;447;445;480;478;359;358;330;333
02.10.2008;462;460;494;492;376;375;348;349
01.10.2008;466;466;495;493;385;383;359;357
30.09.2008;471;468;504;503;391;389;368;369
29.09.2008;446;445;484;485;364;364;337;342
26.09.2008;464;462;504;503;395;393;374;378
25.09.2008;463;460;508;508;396;396;375;380
24.09.2008;461;456;514;513;385;383;369;374
23.09.2008;460;458;512;512;391;389;366;368
22.09.2008;452;449;504;503;387;382;355;357
19.09.2008;446;442;496;496;383;379;351;352
18.09.2008;422;419;473;472;357;353;325;331
17.09.2008;408;405;464;462;338;335;310;312
16.09.2008;412;408;463;464;340;337;319;320
15.09.2008;404;400;463;459;329;325;304;301
12.09.2008;424;421;475;473;358;355;339;335
11.09.2008;416;413;468;466;351;350;334;331
10.09.2008;420;415;470;469;361;356;339;336
09.09.2008;422;416;470;467;365;360;342;340
08.09.2008;421;416;473;471;363;359;341;339
05.09.2008;445;441;493;492;382;385;367;363
04.09.2008;447;442;493;491;384;380;362;360
03.09.2008;453;449;499;497;392;386;370;368
02.09.2008;455;451;501;499;396;390;372;370
29.08.2008;464;459;506;506;408;401;385;382
28.08.2008;457;453;498;499;403;398;386;382
27.08.2008;454;449;498;498;394;389;383;378
26.08.2008;456;450;498;499;398;393;390;386
25.08.2008;451;445;497;497;394;389;386;381
22.08.2008;457;450;502;501;398;397;386;384
21.08.2008;456;452;503;503;394;394;380;377
20.08.2008;452;448;502;500;389;388;375;373
19.08.2008;469;464;517;516;409;407;390;389
18.08.2008;472;468;516;515;411;411;392;390
15.08.2008;470;465;516;515;407;407;385;389
14.08.2008;472;465;517;517;407;407;387;390
13.08.2008;472;465;522;520;409;409;391;394
12.08.2008;468;461;520;520;402;402;386;390
11.08.2008;476;471;527;526;413;413;396;400
08.08.2008;474;468;522;522;409;408;393;397
07.08.2008;476;469;526;524;407;408;386;391
06.08.2008;485;478;534;533;417;417;397;402
05.08.2008;482;475;528;528;412;413;395;398
04.08.2008;476;469;523;522;409;409;392;396
01.08.2008;473;466;521;519;406;407;389;394
31.07.2008;470;463;517;516;403;404;387;393
30.07.2008;474;468;521;519;411;412;396;402
29.07.2008;476;469;521;519;415;415;398;402
28.07.2008;473;466;519;518;408;408;392;396
25.07.2008;481;473;525;524;423;423;408;412
24.07.2008;470;464;514;513;413;413;398;402
23.07.2008;484;479;524;523;429;429;417;421
22.07.2008;490;483;527;528;432;432;417;420
21.07.2008;482;476;523;522;422;423;406;411
18.07.2008;488;483;531;530;427;428;410;413
17.07.2008;488;481;534;533;425;425;409;413
16.07.2008;482;476;532;533;414;415;356;397
15.07.2008;465;460;513;512;398;398;342;380
14.07.2008;465;459;510;509;401;400;347;387
11.07.2008;471;465;514;513;407;409;356;392
10.07.2008;477;471;517;517;409;409;352;389
09.07.2008;481;475;517;516;411;412;346;385
08.07.2008;482;476;521;520;413;414;350;388
07.07.2008;491;485;528;527;421;422;352;394
03.07.2008;487;480;523;523;419;420;348;388
02.07.2008;485;479;520;520;420;421;353;392
01.07.2008;483;477;521;521;418;420;353;393
30.06.2008;480;475;519;518;417;418;353;391
27.06.2008;480;474;518;519;420;421;356;397
26.06.2008;489;483;527;527;429;430;358;402
25.06.2008;489;484;529;528;434;436;369;411
24.06.2008;489;483;530;528;434;435;374;413
23.06.2008;498;491;535;534;447;448;388;427
20.06.2008;500;486;534;534;439;440;374;431
19.06.2008;502;488;537;536;444;444;383;438
18.06.2008;504;482;533;532;434;435;378;438
17.06.2008;504;490;539;538;444;445;384;437
16.06.2008;499;495;539;538;454;456;395;433
13.06.2008;499;497;540;539;454;455;402;432
12.06.2008;499;497;540;540;452;453;402;429
11.06.2008;487;485;536;539;433;434;383;409
10.06.2008;490;487;535;535;441;442;392;418
09.06.2008;478;475;529;528;427;428;374;403
06.06.2008;470;466;530;528;405;400;336;371
05.06.2008;477;474;537;536;413;409;343;378
04.06.2008;467;463;531;530;404;400;333;368
03.06.2008;456;452;520;520;394;390;328;361
02.06.2008;461;456;525;524;399;395;335;368
30.05.2008;467;463;528;527;410;407;346;380
29.05.2008;470;465;533;531;411;408;351;384
28.05.2008;464;460;525;525;405;401;350;378
27.05.2008;455;452;520;519;395;390;337;367
23.05.2008;446;442;509;506;382;380;328;357
22.05.2008;453;449;514;513;391;388;341;366
21.05.2008;441;438;505;504;376;374;325;351
20.05.2008;437;433;502;500;370;367;312;340
19.05.2008;442;438;505;503;378;376;323;350
16.05.2008;445;440;508;506;381;379;322;355
15.05.2008;440;437;503;502;376;374;320;354
14.05.2008;452;448;513;511;391;389;330;364
13.05.2008;455;450;514;514;387;386;323;358
12.05.2008;442;437;503;503;369;368;303;338
09.05.2008;441;436;503;501;367;365;296;333
08.05.2008;440;435;499;497;363;361;290;328
07.05.2008;451;446;511;509;375;374;300;339
06.05.2008;459;454;515;514;383;382;309;346
05.05.2008;449;443;507;505;377;375;306;342
02.05.2008;449;443;503;502;379;378;306;343
01.05.2008;436;431;494;493;364;362;295;331
30.04.2008;433;428;492;490;360;358;289;328
29.04.2008;441;437;499;498;370;368;297;336
28.04.2008;444;439;502;501;374;372;303;342
25.04.2008;450;446;508;507;384;382;314;352
24.04.2008;449;444;504;503;382;380;314;351
23.04.2008;439;434;494;493;366;365;297;335
22.04.2008;435;430;491;490;364;363;293;331
21.04.2008;435;430;492;491;363;362;286;324
18.04.2008;436;432;495;493;363;361;322;322
17.04.2008;439;433;502;500;367;366;324;325
16.04.2008;445;440;505;506;366;364;321;321
15.04.2008;433;427;494;494;350;349;304;305
14.04.2008;425;419;488;487;340;339;298;297
11.04.2008;422;415;482;481;334;333;289;290
10.04.2008;427;420;486;485;343;342;295;295
09.04.2008;419;413;483;481;335;334;287;304
08.04.2008;426;420;489;487;346;344;298;304
07.04.2008;423;417;486;484;346;345;302;304
04.04.2008;418;412;483;481;338;337;292;292
03.04.2008;428;422;492;491;350;349;304;300
02.04.2008;427;420;491;489;347;345;302;296
01.04.2008;424;418;494;493;344;340;290;285
31.03.2008;417;410;487;486;330;325;277;272
28.03.2008;419;412;491;489;338;335;283;281
27.03.2008;430;424;497;495;351;347;291;289
26.03.2008;426;420;492;492;346;341;288;286
25.03.2008;422;416;488;486;349;345;294;292
24.03.2008;426;421;491;489;354;350;301;298
20.03.2008;409;402;477;476;333;331;283;279
19.03.2008;410;402;482;481;332;324;275;270
18.03.2008;423;416;496;496;336;332;280;273
17.03.2008;432;425;508;507;337;330;279;274
14.03.2008;448;442;517;517;346;352;302;293
13.03.2008;454;447;522;525;355;362;313;306
12.03.2008;441;434;510;510;345;353;303;298
11.03.2008;447;441;517;517;355;359;313;308
10.03.2008;445;438;515;515;343;350;301;296
07.03.2008;451;444;522;522;345;353;271;299
06.03.2008;459;451;523;523;353;362;277;306
05.03.2008;457;449;520;520;351;359;286;313
04.03.2008;444;437;510;509;343;351;279;304
03.03.2008;432;424;500;500;333;339;273;296
29.02.2008;432;424;499;499;335;341;273;295
28.02.2008;447;442;512;513;357;362;293;317
27.02.2008;458;454;522;521;370;375;311;332
26.02.2008;461;456;522;522;374;378;318;339
25.02.2008;466;461;526;526;382;387;328;348
22.02.2008;453;450;515;515;364;369;310;329
21.02.2008;449;444;509;508;359;365;306;326
20.02.2008;464;460;521;521;383;387;329;348
19.02.2008;463;458;524;524;375;380;319;341
15.02.2008;450;446;515;515;357;364;303;322
14.02.2008;458;453;524;525;361;368;305;325
13.02.2008;439;435;506;506;348;353;294;310
12.02.2008;432;428;497;499;344;350;291;309
11.02.2008;425;422;492;492;339;345;286;304
08.02.2008;427;421;496;494;340;345;288;303
07.02.2008;436;429;502;502;345;350;287;312
06.02.2008;424;420;489;489;337;342;289;305
05.02.2008;425;420;484;485;337;338;288;303
04.02.2008;429;424;486;486;342;345;298;312
01.02.2008;423;419;480;480;337;339;296;309
31.01.2008;427;425;481;481;343;346;303;310
30.01.2008;438;439;489;489;357;360;321;325
29.01.2008;422;417;476;477;343;344;294;307
28.01.2008;415;412;472;472;336;339;290;301
25.01.2008;419;413;472;472;342;343;290;302
24.01.2008;428;415;475;479;342;343;283;294
23.01.2008;409;389;467;468;322;324;257;267
22.01.2008;412;412;469;469;324;326;277;284
18.01.2008;423;421;474;474;341;342;295;320
17.01.2008;423;419;471;471;348;349;302;322
16.01.2008;429;424;477;477;353;353;309;320
15.01.2008;426;425;473;473;354;354;314;323
14.01.2008;435;432;482;481;362;363;317;322
11.01.2008;438;436;485;484;362;366;324;321
10.01.2008;448;445;490;489;374;375;338;336
09.01.2008;439;435;477;476;366;364;328;331
08.01.2008;444;445;479;480;373;372;342;336
07.01.2008;441;439;479;479;369;371;335;336
04.01.2008;442;440;479;479;371;370;333;333
03.01.2008;447;445;482;482;380;380;342;345
02.01.2008;445;441;479;479;380;380;340;343